,MainWord,Id,Sentiment
0,not,9033,bad
1,not,10398,bad
2,not,13557,bad
3,not,10038,bad
4,not,6537,bad
5,not,12136,bad
6,not,4318,bad
7,not,5831,bad
8,not,4838,bad
9,not,921,bad
10,not,4637,bad
11,not,6943,bad
12,not,3064,bad
13,not,6784,bad
14,not,13039,bad
15,not,6564,bad
16,not,9215,bad
17,not,7366,bad
18,not,12676,bad
19,not,5777,bad
20,not,7156,bad
21,not,8461,bad
22,not,5407,bad
23,not,4280,bad
24,not,4665,bad
25,not,6020,bad
26,not,6266,bad
27,not,12984,bad
28,not,5961,bad
29,not,7541,bad
30,not,12887,bad
31,not,703,bad
32,not,1817,bad
33,not,11618,bad
34,not,5659,bad
35,not,5874,bad
36,not,30,bad
37,not,2964,bad
38,not,10060,bad
39,not,7904,bad
40,not,554,bad
41,not,3666,bad
42,not,7908,bad
43,not,14329,bad
44,not,863,bad
45,not,12022,bad
46,not,5485,bad
47,not,9932,bad
48,not,12380,bad
49,not,326,bad
50,not,6121,bad
51,not,458,bad
52,not,7035,bad
53,not,11604,bad
54,not,14105,bad
55,not,6328,bad
56,not,12739,bad
57,not,4014,bad
58,not,7592,bad
59,not,2352,bad
60,not,7346,bad
61,not,12386,bad
62,not,270,bad
63,not,6783,bad
64,not,10591,bad
65,not,10335,bad
66,not,13426,bad
67,not,12898,bad
68,not,14011,bad
69,not,6234,bad
70,not,7352,bad
71,not,5935,bad
72,not,1532,bad
73,not,3309,bad
74,not,6530,bad
75,not,700,bad
76,not,6875,bad
77,not,10414,bad
78,not,13483,bad
79,not,13282,bad
80,not,6299,bad
81,not,4198,bad
82,not,8421,bad
83,not,1726,bad
84,not,706,bad
85,not,13247,bad
86,not,7119,bad
87,not,13433,bad
88,not,12138,bad
89,not,1152,bad
90,not,10256,bad
91,not,13296,bad
92,not,2704,bad
93,not,1719,bad
94,not,59,bad
95,not,5034,bad
96,not,7209,bad
97,not,13913,bad
98,not,6108,bad
99,not,7225,bad
100,not,6536,bad
101,not,363,bad
102,not,14209,bad
103,not,10733,bad
104,not,7275,bad
105,not,1606,bad
106,not,5276,bad
107,not,1195,bad
108,not,8567,bad
109,not,14196,bad
110,not,175,bad
111,not,6792,bad
112,not,13327,bad
113,not,12365,bad
114,not,8866,bad
115,not,2859,bad
116,not,5612,bad
117,not,14194,bad
118,not,8334,bad
119,not,12671,bad
120,not,295,bad
121,not,2717,bad
122,not,9177,bad
123,not,1381,bad
124,not,7354,bad
125,not,12353,bad
126,not,160,bad
127,not,11623,bad
128,not,5107,bad
129,not,12164,bad
130,not,2301,bad
131,not,8314,bad
132,not,6572,bad
133,not,4026,bad
134,not,3997,bad
135,not,6254,bad
136,not,13436,bad
137,not,12980,bad
138,not,5094,bad
139,not,736,bad
140,not,7123,bad
141,not,6174,bad
142,not,12834,bad
143,not,8560,bad
144,not,2705,bad
145,not,12654,bad
146,not,7842,bad
147,not,5778,bad
148,not,1973,bad
149,not,3453,bad
150,not,7416,bad
151,not,8702,bad
152,not,12953,bad
153,not,6368,bad
154,not,4508,bad
155,not,12829,bad
156,not,9863,bad
157,not,12190,bad
158,not,3374,bad
159,not,7095,bad
160,not,12383,bad
161,not,9444,bad
162,not,12429,bad
163,not,10194,bad
164,not,7864,bad
165,not,3224,bad
166,not,10849,bad
167,not,3026,bad
168,not,7907,bad
169,not,565,bad
170,not,4986,bad
171,not,529,bad
172,not,7109,bad
173,not,5927,bad
174,not,905,bad
175,not,1053,bad
176,not,269,bad
177,not,2440,bad
178,not,9334,bad
179,not,12409,bad
180,not,800,bad
181,not,13258,bad
182,not,192,bad
183,not,1165,bad
184,not,12752,bad
185,not,13848,bad
186,not,11134,bad
187,not,353,bad
188,not,9936,bad
189,not,10660,bad
190,not,6077,bad
191,not,5275,bad
192,not,10727,bad
193,not,12416,bad
194,not,9179,bad
195,not,11575,bad
196,not,13676,bad
197,not,1496,bad
198,not,5924,bad
199,not,5929,bad
200,not,14218,bad
201,not,741,bad
202,not,12753,bad
203,not,1317,bad
204,not,11474,bad
205,not,5563,bad
206,not,1823,bad
207,not,13101,bad
208,not,11907,bad
209,not,5853,bad
210,not,6581,bad
211,not,3212,bad
212,not,10900,bad
213,not,1887,bad
214,not,7705,bad
215,not,10082,bad
216,not,4900,bad
217,not,3074,bad
218,not,1226,bad
219,not,8148,bad
220,not,2881,bad
221,not,2766,bad
222,not,1438,bad
223,not,5989,bad
224,not,13350,bad
225,not,2507,bad
226,not,8025,bad
227,not,3135,bad
228,product,7228,bad
229,product,5351,bad
230,product,5831,bad
231,product,4093,bad
232,product,921,bad
233,product,4637,bad
234,product,12082,bad
235,product,6943,bad
236,product,12302,bad
237,product,12676,bad
238,product,1360,bad
239,product,14245,bad
240,product,5777,bad
241,product,13305,bad
242,product,8461,bad
243,product,3529,bad
244,product,4665,bad
245,product,12984,bad
246,product,12887,bad
247,product,703,bad
248,product,1817,bad
249,product,10517,bad
250,product,8235,bad
251,product,5874,bad
252,product,3666,bad
253,product,458,bad
254,product,14105,bad
255,product,4014,bad
256,product,7346,bad
257,product,270,bad
258,product,13212,bad
259,product,12401,bad
260,product,10591,bad
261,product,13426,bad
262,product,14011,bad
263,product,2501,bad
264,product,8945,bad
265,product,3309,bad
266,product,700,bad
267,product,4340,bad
268,product,4576,bad
269,product,14054,bad
270,product,6682,bad
271,product,3385,bad
272,product,13433,bad
273,product,13459,bad
274,product,2704,bad
275,product,11001,bad
276,product,59,bad
277,product,4234,bad
278,product,14209,bad
279,product,10733,bad
280,product,7275,bad
281,product,1732,bad
282,product,1195,bad
283,product,4944,bad
284,product,3560,bad
285,product,175,bad
286,product,2882,bad
287,product,8539,bad
288,product,8866,bad
289,product,14194,bad
290,product,295,bad
291,product,1381,bad
292,product,7354,bad
293,product,10655,bad
294,product,10165,bad
295,product,6572,bad
296,product,13184,bad
297,product,12980,bad
298,product,13148,bad
299,product,736,bad
300,product,13968,bad
301,product,5191,bad
302,product,4073,bad
303,product,7715,bad
304,product,4742,bad
305,product,4528,bad
306,product,7273,bad
307,product,6979,bad
308,product,2629,bad
309,product,12829,bad
310,product,12190,bad
311,product,10194,bad
312,product,4792,bad
313,product,3224,bad
314,product,3026,bad
315,product,8873,bad
316,product,7109,bad
317,product,12047,bad
318,product,5927,bad
319,product,4975,bad
320,product,905,bad
321,product,269,bad
322,product,12409,bad
323,product,11687,bad
324,product,800,bad
325,product,12459,bad
326,product,192,bad
327,product,1273,bad
328,product,7520,bad
329,product,5962,bad
330,product,11134,bad
331,product,353,bad
332,product,10660,bad
333,product,5275,bad
334,product,13475,bad
335,product,14208,bad
336,product,10727,bad
337,product,1496,bad
338,product,3231,bad
339,product,5476,bad
340,product,5924,bad
341,product,12753,bad
342,product,7048,bad
343,product,11474,bad
344,product,12656,bad
345,product,10449,bad
346,product,10010,bad
347,product,1634,bad
348,product,3212,bad
349,product,7705,bad
350,product,3074,bad
351,product,6935,bad
352,product,14055,bad
353,product,10381,bad
354,product,11282,bad
355,product,3135,bad
356,qualiti,10038,bad
357,qualiti,6537,bad
358,qualiti,5351,bad
359,qualiti,11710,bad
360,qualiti,6943,bad
361,qualiti,1710,bad
362,qualiti,3064,bad
363,qualiti,1241,bad
364,qualiti,7366,bad
365,qualiti,12676,bad
366,qualiti,1360,bad
367,qualiti,5777,bad
368,qualiti,4280,bad
369,qualiti,6266,bad
370,qualiti,7541,bad
371,qualiti,4725,bad
372,qualiti,10447,bad
373,qualiti,8235,bad
374,qualiti,4850,bad
375,qualiti,5874,bad
376,qualiti,30,bad
377,qualiti,6182,bad
378,qualiti,7908,bad
379,qualiti,863,bad
380,qualiti,9946,bad
381,qualiti,6255,bad
382,qualiti,326,bad
383,qualiti,6121,bad
384,qualiti,2420,bad
385,qualiti,11604,bad
386,qualiti,14105,bad
387,qualiti,6981,bad
388,qualiti,4014,bad
389,qualiti,8058,bad
390,qualiti,7592,bad
391,qualiti,7346,bad
392,qualiti,12386,bad
393,qualiti,11508,bad
394,qualiti,7352,bad
395,qualiti,718,bad
396,qualiti,2192,bad
397,qualiti,3309,bad
398,qualiti,6530,bad
399,qualiti,13652,bad
400,qualiti,706,bad
401,qualiti,11439,bad
402,qualiti,5034,bad
403,qualiti,4234,bad
404,qualiti,6108,bad
405,qualiti,14209,bad
406,qualiti,7275,bad
407,qualiti,1195,bad
408,qualiti,175,bad
409,qualiti,2882,bad
410,qualiti,8539,bad
411,qualiti,8866,bad
412,qualiti,11655,bad
413,qualiti,11208,bad
414,qualiti,10390,bad
415,qualiti,1381,bad
416,qualiti,7354,bad
417,qualiti,12353,bad
418,qualiti,2301,bad
419,qualiti,6145,bad
420,qualiti,8314,bad
421,qualiti,10165,bad
422,qualiti,6938,bad
423,qualiti,13436,bad
424,qualiti,5094,bad
425,qualiti,736,bad
426,qualiti,7123,bad
427,qualiti,5191,bad
428,qualiti,6174,bad
429,qualiti,9320,bad
430,qualiti,2705,bad
431,qualiti,4640,bad
432,qualiti,4371,bad
433,qualiti,5778,bad
434,qualiti,7416,bad
435,qualiti,8702,bad
436,qualiti,2844,bad
437,qualiti,9444,bad
438,qualiti,12429,bad
439,qualiti,2669,bad
440,qualiti,4792,bad
441,qualiti,13178,bad
442,qualiti,7907,bad
443,qualiti,8873,bad
444,qualiti,529,bad
445,qualiti,14246,bad
446,qualiti,5927,bad
447,qualiti,269,bad
448,qualiti,9334,bad
449,qualiti,6995,bad
450,qualiti,13201,bad
451,qualiti,13369,bad
452,qualiti,7140,bad
453,qualiti,800,bad
454,qualiti,8987,bad
455,qualiti,3691,bad
456,qualiti,12752,bad
457,qualiti,7520,bad
458,qualiti,3547,bad
459,qualiti,353,bad
460,qualiti,817,bad
461,qualiti,12416,bad
462,qualiti,3087,bad
463,qualiti,5924,bad
464,qualiti,741,bad
465,qualiti,1317,bad
466,qualiti,11474,bad
467,qualiti,3641,bad
468,qualiti,1823,bad
469,qualiti,9532,bad
470,qualiti,2836,bad
471,qualiti,1887,bad
472,qualiti,7705,bad
473,qualiti,4900,bad
474,qualiti,1226,bad
475,qualiti,6935,bad
476,qualiti,2881,bad
477,qualiti,1438,bad
478,qualiti,5989,bad
479,qualiti,3135,bad
480,sound,6537,bad
481,sound,11710,bad
482,sound,5830,bad
483,sound,6943,bad
484,sound,1710,bad
485,sound,1241,bad
486,sound,7366,bad
487,sound,12676,bad
488,sound,1360,bad
489,sound,5777,bad
490,sound,4280,bad
491,sound,6020,bad
492,sound,6266,bad
493,sound,1236,bad
494,sound,3984,bad
495,sound,703,bad
496,sound,8235,bad
497,sound,4850,bad
498,sound,7904,bad
499,sound,13022,bad
500,sound,7908,bad
501,sound,863,bad
502,sound,326,bad
503,sound,6121,bad
504,sound,7035,bad
505,sound,2420,bad
506,sound,14105,bad
507,sound,6981,bad
508,sound,7592,bad
509,sound,7346,bad
510,sound,12401,bad
511,sound,11508,bad
512,sound,14011,bad
513,sound,7352,bad
514,sound,718,bad
515,sound,3309,bad
516,sound,6530,bad
517,sound,700,bad
518,sound,4576,bad
519,sound,10414,bad
520,sound,4198,bad
521,sound,706,bad
522,sound,59,bad
523,sound,5034,bad
524,sound,7209,bad
525,sound,4234,bad
526,sound,6108,bad
527,sound,6536,bad
528,sound,7275,bad
529,sound,11310,bad
530,sound,1195,bad
531,sound,2882,bad
532,sound,8539,bad
533,sound,8866,bad
534,sound,8334,bad
535,sound,12897,bad
536,sound,12671,bad
537,sound,11208,bad
538,sound,10390,bad
539,sound,1381,bad
540,sound,7354,bad
541,sound,160,bad
542,sound,11623,bad
543,sound,2301,bad
544,sound,8314,bad
545,sound,10165,bad
546,sound,6938,bad
547,sound,4026,bad
548,sound,13436,bad
549,sound,736,bad
550,sound,5984,bad
551,sound,6174,bad
552,sound,8560,bad
553,sound,9320,bad
554,sound,2705,bad
555,sound,4640,bad
556,sound,12654,bad
557,sound,7842,bad
558,sound,4371,bad
559,sound,5778,bad
560,sound,1973,bad
561,sound,7416,bad
562,sound,7273,bad
563,sound,8702,bad
564,sound,2844,bad
565,sound,7479,bad
566,sound,3374,bad
567,sound,12429,bad
568,sound,2669,bad
569,sound,13178,bad
570,sound,529,bad
571,sound,11191,bad
572,sound,14246,bad
573,sound,905,bad
574,sound,9334,bad
575,sound,6995,bad
576,sound,13369,bad
577,sound,800,bad
578,sound,8987,bad
579,sound,3691,bad
580,sound,3547,bad
581,sound,353,bad
582,sound,817,bad
583,sound,5196,bad
584,sound,13759,bad
585,sound,12416,bad
586,sound,3087,bad
587,sound,5924,bad
588,sound,14218,bad
589,sound,741,bad
590,sound,1317,bad
591,sound,11474,bad
592,sound,5563,bad
593,sound,3641,bad
594,sound,1823,bad
595,sound,9532,bad
596,sound,2836,bad
597,sound,1887,bad
598,sound,4900,bad
599,sound,1226,bad
600,sound,6935,bad
601,sound,2881,bad
602,sound,11741,bad
603,sound,5989,bad
604,work,10398,bad
605,work,13393,bad
606,work,13226,bad
607,work,4838,bad
608,work,3459,bad
609,work,921,bad
610,work,5830,bad
611,work,1981,bad
612,work,3064,bad
613,work,13039,bad
614,work,6564,bad
615,work,9215,bad
616,work,2583,bad
617,work,4665,bad
618,work,6020,bad
619,work,12984,bad
620,work,5961,bad
621,work,4685,bad
622,work,8802,bad
623,work,5874,bad
624,work,12774,bad
625,work,2174,bad
626,work,3666,bad
627,work,12022,bad
628,work,12380,bad
629,work,326,bad
630,work,14105,bad
631,work,6996,bad
632,work,12739,bad
633,work,4014,bad
634,work,12401,bad
635,work,10335,bad
636,work,6234,bad
637,work,1547,bad
638,work,6875,bad
639,work,4340,bad
640,work,13483,bad
641,work,13282,bad
642,work,1726,bad
643,work,13247,bad
644,work,3385,bad
645,work,10802,bad
646,work,13623,bad
647,work,10256,bad
648,work,13296,bad
649,work,2704,bad
650,work,1719,bad
651,work,363,bad
652,work,7275,bad
653,work,4944,bad
654,work,8567,bad
655,work,175,bad
656,work,13327,bad
657,work,5612,bad
658,work,14194,bad
659,work,12671,bad
660,work,295,bad
661,work,2717,bad
662,work,7354,bad
663,work,12353,bad
664,work,160,bad
665,work,12499,bad
666,work,3997,bad
667,work,12980,bad
668,work,5984,bad
669,work,12834,bad
670,work,3453,bad
671,work,12953,bad
672,work,4508,bad
673,work,12829,bad
674,work,12383,bad
675,work,3026,bad
676,work,8873,bad
677,work,565,bad
678,work,4986,bad
679,work,14202,bad
680,work,12409,bad
681,work,6995,bad
682,work,10070,bad
683,work,13258,bad
684,work,3350,bad
685,work,11134,bad
686,work,9179,bad
687,work,1496,bad
688,work,741,bad
689,work,12753,bad
690,work,10582,bad
691,work,6581,bad
692,work,3212,bad
693,work,2766,bad
694,work,1438,bad
695,good,13557,bad
696,good,4318,bad
697,good,5831,bad
698,good,3064,bad
699,good,6784,bad
700,good,7366,bad
701,good,1360,bad
702,good,8461,bad
703,good,703,bad
704,good,11618,bad
705,good,5874,bad
706,good,2964,bad
707,good,554,bad
708,good,3666,bad
709,good,7908,bad
710,good,6121,bad
711,good,7035,bad
712,good,11604,bad
713,good,6996,bad
714,good,8058,bad
715,good,7592,bad
716,good,7346,bad
717,good,631,bad
718,good,13426,bad
719,good,1547,bad
720,good,2192,bad
721,good,3309,bad
722,good,4576,bad
723,good,10414,bad
724,good,6299,bad
725,good,1726,bad
726,good,706,bad
727,good,1152,bad
728,good,59,bad
729,good,7225,bad
730,good,7275,bad
731,good,5276,bad
732,good,1195,bad
733,good,6792,bad
734,good,12365,bad
735,good,8866,bad
736,good,8334,bad
737,good,12671,bad
738,good,11208,bad
739,good,11623,bad
740,good,12164,bad
741,good,2301,bad
742,good,8314,bad
743,good,5191,bad
744,good,6174,bad
745,good,8560,bad
746,good,2705,bad
747,good,12654,bad
748,good,5778,bad
749,good,12953,bad
750,good,9444,bad
751,good,12429,bad
752,good,529,bad
753,good,14246,bad
754,good,5927,bad
755,good,800,bad
756,good,12752,bad
757,good,5196,bad
758,good,12416,bad
759,good,13676,bad
760,good,5929,bad
761,good,14218,bad
762,good,1317,bad
763,good,11474,bad
764,good,3641,bad
765,good,1823,bad
766,good,9532,bad
767,good,10900,bad
768,good,1887,bad
769,good,7705,bad
770,good,10082,bad
771,good,4900,bad
772,good,8148,bad
773,good,5989,bad
774,good,8025,bad
775,use,921,bad
776,use,5830,bad
777,use,7366,bad
778,use,12676,bad
779,use,1360,bad
780,use,13305,bad
781,use,2583,bad
782,use,8461,bad
783,use,6266,bad
784,use,3254,bad
785,use,5961,bad
786,use,8802,bad
787,use,5874,bad
788,use,12774,bad
789,use,6182,bad
790,use,554,bad
791,use,863,bad
792,use,9946,bad
793,use,12380,bad
794,use,326,bad
795,use,6328,bad
796,use,12942,bad
797,use,7346,bad
798,use,3324,bad
799,use,270,bad
800,use,13212,bad
801,use,10335,bad
802,use,5935,bad
803,use,4340,bad
804,use,1152,bad
805,use,13459,bad
806,use,59,bad
807,use,7225,bad
808,use,7275,bad
809,use,1606,bad
810,use,12671,bad
811,use,7354,bad
812,use,12353,bad
813,use,12980,bad
814,use,736,bad
815,use,2705,bad
816,use,4073,bad
817,use,7715,bad
818,use,4371,bad
819,use,4742,bad
820,use,7416,bad
821,use,2844,bad
822,use,4508,bad
823,use,10194,bad
824,use,2673,bad
825,use,8873,bad
826,use,529,bad
827,use,5927,bad
828,use,269,bad
829,use,12409,bad
830,use,7140,bad
831,use,1273,bad
832,use,817,bad
833,use,5275,bad
834,use,10727,bad
835,use,12416,bad
836,use,5476,bad
837,use,741,bad
838,use,5563,bad
839,use,7705,bad
840,use,2881,bad
841,use,5989,bad
842,use,8025,bad
843,month,13393,bad
844,month,4838,bad
845,month,5830,bad
846,month,1981,bad
847,month,3064,bad
848,month,12676,bad
849,month,2583,bad
850,month,4665,bad
851,month,5961,bad
852,month,4685,bad
853,month,8802,bad
854,month,5874,bad
855,month,3666,bad
856,month,6996,bad
857,month,7346,bad
858,month,8945,bad
859,month,13483,bad
860,month,1726,bad
861,month,3385,bad
862,month,7119,bad
863,month,10802,bad
864,month,10256,bad
865,month,11439,bad
866,month,13296,bad
867,month,1732,bad
868,month,1195,bad
869,month,8567,bad
870,month,13327,bad
871,month,2859,bad
872,month,14194,bad
873,month,12671,bad
874,month,2717,bad
875,month,7354,bad
876,month,12353,bad
877,month,3997,bad
878,month,12980,bad
879,month,2705,bad
880,month,7715,bad
881,month,5778,bad
882,month,1973,bad
883,month,3453,bad
884,month,2844,bad
885,month,4508,bad
886,month,12829,bad
887,month,9858,bad
888,month,12383,bad
889,month,13417,bad
890,month,10194,bad
891,month,2669,bad
892,month,12951,bad
893,month,565,bad
894,month,1053,bad
895,month,2440,bad
896,month,12409,bad
897,month,10070,bad
898,month,800,bad
899,month,12416,bad
900,month,9179,bad
901,month,12753,bad
902,month,13101,bad
903,month,9532,bad
904,month,7705,bad
905,month,2766,bad
906,month,13350,bad
907,month,2507,bad
908,month,8025,bad
909,ear,10038,bad
910,ear,5351,bad
911,ear,3459,bad
912,ear,921,bad
913,ear,5830,bad
914,ear,1981,bad
915,ear,6455,bad
916,ear,13039,bad
917,ear,9215,bad
918,ear,1360,bad
919,ear,5777,bad
920,ear,4086,bad
921,ear,2080,bad
922,ear,6020,bad
923,ear,6266,bad
924,ear,12984,bad
925,ear,4685,bad
926,ear,12887,bad
927,ear,3984,bad
928,ear,8802,bad
929,ear,703,bad
930,ear,5874,bad
931,ear,30,bad
932,ear,2174,bad
933,ear,6182,bad
934,ear,3666,bad
935,ear,9946,bad
936,ear,458,bad
937,ear,7035,bad
938,ear,12942,bad
939,ear,7592,bad
940,ear,7346,bad
941,ear,3324,bad
942,ear,270,bad
943,ear,12401,bad
944,ear,6783,bad
945,ear,12898,bad
946,ear,6425,bad
947,ear,6234,bad
948,ear,7352,bad
949,ear,5935,bad
950,ear,2192,bad
951,ear,1532,bad
952,ear,6875,bad
953,ear,4198,bad
954,ear,706,bad
955,ear,13247,bad
956,ear,7119,bad
957,ear,1152,bad
958,ear,10256,bad
959,ear,59,bad
960,ear,7209,bad
961,ear,7225,bad
962,ear,7275,bad
963,ear,1606,bad
964,ear,8567,bad
965,ear,8866,bad
966,ear,2859,bad
967,ear,295,bad
968,ear,7354,bad
969,ear,12353,bad
970,ear,160,bad
971,ear,11623,bad
972,ear,12499,bad
973,ear,2301,bad
974,ear,8314,bad
975,ear,5027,bad
976,ear,6254,bad
977,ear,5191,bad
978,ear,12834,bad
979,ear,7842,bad
980,ear,4073,bad
981,ear,5778,bad
982,ear,7416,bad
983,ear,7273,bad
984,ear,8702,bad
985,ear,2844,bad
986,ear,6368,bad
987,ear,12829,bad
988,ear,9863,bad
989,ear,3374,bad
990,ear,10740,bad
991,ear,11464,bad
992,ear,10194,bad
993,ear,2673,bad
994,ear,7864,bad
995,ear,6531,bad
996,ear,565,bad
997,ear,14202,bad
998,ear,9334,bad
999,ear,10070,bad
1000,ear,13369,bad
1001,ear,7140,bad
1002,ear,800,bad
1003,ear,12459,bad
1004,ear,192,bad
1005,ear,12752,bad
1006,ear,7520,bad
1007,ear,3547,bad
1008,ear,11088,bad
1009,ear,353,bad
1010,ear,817,bad
1011,ear,5196,bad
1012,ear,9179,bad
1013,ear,5476,bad
1014,ear,14218,bad
1015,ear,13101,bad
1016,ear,10082,bad
1017,ear,11818,bad
1018,ear,8148,bad
1019,ear,2766,bad
1020,ear,5989,bad
1021,ear,3135,bad
1022,one,4318,bad
1023,one,6175,bad
1024,one,13226,bad
1025,one,4093,bad
1026,one,921,bad
1027,one,5830,bad
1028,one,1981,bad
1029,one,1710,bad
1030,one,3064,bad
1031,one,13039,bad
1032,one,9215,bad
1033,one,10427,bad
1034,one,1360,bad
1035,one,5777,bad
1036,one,2583,bad
1037,one,8461,bad
1038,one,2080,bad
1039,one,6020,bad
1040,one,3254,bad
1041,one,4685,bad
1042,one,1236,bad
1043,one,10447,bad
1044,one,5874,bad
1045,one,30,bad
1046,one,7904,bad
1047,one,7908,bad
1048,one,14329,bad
1049,one,5485,bad
1050,one,326,bad
1051,one,6996,bad
1052,one,7346,bad
1053,one,12386,bad
1054,one,270,bad
1055,one,631,bad
1056,one,12401,bad
1057,one,6234,bad
1058,one,7352,bad
1059,one,718,bad
1060,one,13282,bad
1061,one,1726,bad
1062,one,706,bad
1063,one,13247,bad
1064,one,3385,bad
1065,one,13433,bad
1066,one,10256,bad
1067,one,13296,bad
1068,one,59,bad
1069,one,6108,bad
1070,one,7225,bad
1071,one,8567,bad
1072,one,13327,bad
1073,one,12365,bad
1074,one,2859,bad
1075,one,5612,bad
1076,one,14194,bad
1077,one,11655,bad
1078,one,295,bad
1079,one,7354,bad
1080,one,11623,bad
1081,one,8314,bad
1082,one,3997,bad
1083,one,736,bad
1084,one,5984,bad
1085,one,12834,bad
1086,one,2705,bad
1087,one,7842,bad
1088,one,2844,bad
1089,one,6368,bad
1090,one,4508,bad
1091,one,2629,bad
1092,one,12829,bad
1093,one,12190,bad
1094,one,3374,bad
1095,one,13407,bad
1096,one,10740,bad
1097,one,10194,bad
1098,one,2669,bad
1099,one,14235,bad
1100,one,565,bad
1101,one,7109,bad
1102,one,14202,bad
1103,one,5927,bad
1104,one,905,bad
1105,one,1053,bad
1106,one,800,bad
1107,one,192,bad
1108,one,12752,bad
1109,one,7520,bad
1110,one,11088,bad
1111,one,14208,bad
1112,one,10727,bad
1113,one,12416,bad
1114,one,11575,bad
1115,one,1496,bad
1116,one,5476,bad
1117,one,14218,bad
1118,one,7048,bad
1119,one,5563,bad
1120,one,10449,bad
1121,one,13101,bad
1122,one,6935,bad
1123,one,2766,bad
1124,one,5989,bad
1125,one,2507,bad
1126,one,3135,bad
1127,good,11376,good
1128,good,14108,good
1129,good,10023,good
1130,good,2092,good
1131,good,4309,good
1132,good,753,good
1133,good,3771,good
1134,good,10187,good
1135,good,3092,good
1136,good,13164,good
1137,good,5517,good
1138,good,13912,good
1139,good,11735,good
1140,good,1311,good
1141,good,9419,good
1142,good,12156,good
1143,good,3244,good
1144,good,9343,good
1145,good,12820,good
1146,good,9120,good
1147,good,3634,good
1148,good,4310,good
1149,good,2734,good
1150,good,2445,good
1151,good,11838,good
1152,good,4721,good
1153,good,6482,good
1154,good,12238,good
1155,good,12114,good
1156,good,45,good
1157,good,4825,good
1158,good,179,good
1159,good,11378,good
1160,good,7852,good
1161,good,4373,good
1162,good,9996,good
1163,good,6911,good
1164,good,3765,good
1165,good,66,good
1166,good,11557,good
1167,good,6658,good
1168,good,7746,good
1169,good,4425,good
1170,good,4115,good
1171,good,479,good
1172,good,11612,good
1173,good,5130,good
1174,good,6697,good
1175,good,13413,good
1176,good,3221,good
1177,good,12167,good
1178,good,10856,good
1179,good,1758,good
1180,good,32,good
1181,good,10765,good
1182,good,4812,good
1183,good,13573,good
1184,good,3636,good
1185,good,4171,good
1186,good,10098,good
1187,good,13025,good
1188,good,12347,good
1189,good,4266,good
1190,good,12813,good
1191,good,8477,good
1192,good,14287,good
1193,good,11393,good
1194,good,4384,good
1195,good,3289,good
1196,good,4251,good
1197,good,6163,good
1198,good,10041,good
1199,good,6701,good
1200,good,1688,good
1201,good,7773,good
1202,good,4161,good
1203,good,11672,good
1204,good,4349,good
1205,good,1492,good
1206,good,2793,good
1207,good,3482,good
1208,good,3373,good
1209,good,2403,good
1210,good,2979,good
1211,good,12142,good
1212,good,5737,good
1213,good,12983,good
1214,good,10238,good
1215,good,4438,good
1216,good,8039,good
1217,good,13732,good
1218,good,1612,good
1219,good,11898,good
1220,good,9538,good
1221,good,8804,good
1222,good,4468,good
1223,good,3879,good
1224,good,3850,good
1225,good,13564,good
1226,good,7898,good
1227,good,10204,good
1228,good,2396,good
1229,good,9573,good
1230,good,13180,good
1231,good,5432,good
1232,good,3674,good
1233,good,6514,good
1234,good,2547,good
1235,good,10464,good
1236,good,8294,good
1237,good,3728,good
1238,good,10244,good
1239,good,6866,good
1240,good,1750,good
1241,good,5502,good
1242,good,11343,good
1243,good,3173,good
1244,good,9571,good
1245,good,6161,good
1246,good,3203,good
1247,good,13354,good
1248,good,11538,good
1249,good,8937,good
1250,good,305,good
1251,good,744,good
1252,good,6568,good
1253,good,9296,good
1254,good,9531,good
1255,good,11667,good
1256,good,12509,good
1257,good,4882,good
1258,good,4580,good
1259,good,13267,good
1260,good,3190,good
1261,good,6047,good
1262,good,11969,good
1263,good,13546,good
1264,good,5232,good
1265,good,2911,good
1266,good,369,good
1267,good,4399,good
1268,good,1950,good
1269,good,3821,good
1270,good,10777,good
1271,good,10688,good
1272,good,12304,good
1273,good,12323,good
1274,good,4134,good
1275,good,774,good
1276,good,13923,good
1277,good,9955,good
1278,good,11873,good
1279,good,5084,good
1280,good,5399,good
1281,good,4631,good
1282,good,7752,good
1283,good,7288,good
1284,good,5916,good
1285,good,10680,good
1286,good,9321,good
1287,good,1545,good
1288,good,2837,good
1289,good,12765,good
1290,good,12170,good
1291,good,9079,good
1292,good,5509,good
1293,good,10936,good
1294,good,3665,good
1295,good,5035,good
1296,good,13830,good
1297,good,8020,good
1298,good,6757,good
1299,good,13154,good
1300,good,11902,good
1301,good,10695,good
1302,good,10218,good
1303,good,9831,good
1304,good,12393,good
1305,good,6902,good
1306,good,11935,good
1307,good,1713,good
1308,good,2926,good
1309,good,12638,good
1310,good,4933,good
1311,good,5523,good
1312,good,11638,good
1313,good,8517,good
1314,good,1537,good
1315,good,11981,good
1316,good,4852,good
1317,good,1554,good
1318,good,4412,good
1319,good,11103,good
1320,good,13827,good
1321,good,5682,good
1322,good,10391,good
1323,good,10722,good
1324,good,7377,good
1325,good,7270,good
1326,good,2822,good
1327,good,4048,good
1328,good,5008,good
1329,good,2764,good
1330,good,14275,good
1331,good,2261,good
1332,good,14314,good
1333,good,5591,good
1334,good,3464,good
1335,good,3998,good
1336,good,8535,good
1337,good,1625,good
1338,good,1906,good
1339,good,8785,good
1340,good,3306,good
1341,good,11300,good
1342,good,10362,good
1343,good,1243,good
1344,good,626,good
1345,good,7480,good
1346,good,3979,good
1347,good,2305,good
1348,good,735,good
1349,good,4534,good
1350,good,5157,good
1351,good,12237,good
1352,good,2071,good
1353,good,6540,good
1354,good,9583,good
1355,good,12822,good
1356,good,6487,good
1357,good,4323,good
1358,good,5600,good
1359,good,6151,good
1360,good,4402,good
1361,good,4058,good
1362,good,1882,good
1363,good,9623,good
1364,good,10419,good
1365,good,2424,good
1366,good,13563,good
1367,good,4549,good
1368,good,11147,good
1369,good,13616,good
1370,good,10480,good
1371,good,788,good
1372,good,11272,good
1373,good,5193,good
1374,good,8279,good
1375,good,3412,good
1376,good,3017,good
1377,good,11810,good
1378,good,4756,good
1379,good,4364,good
1380,good,11748,good
1381,good,13374,good
1382,good,10188,good
1383,good,4677,good
1384,good,12049,good
1385,good,12972,good
1386,good,2906,good
1387,good,12447,good
1388,good,8632,good
1389,good,4856,good
1390,good,8607,good
1391,good,1712,good
1392,good,7625,good
1393,good,126,good
1394,good,9608,good
1395,good,11160,good
1396,good,2810,good
1397,good,11350,good
1398,good,6295,good
1399,good,10462,good
1400,good,673,good
1401,good,9769,good
1402,good,2077,good
1403,good,56,good
1404,good,8659,good
1405,good,13455,good
1406,good,13657,good
1407,good,7911,good
1408,good,8348,good
1409,good,2725,good
1410,good,10239,good
1411,good,2156,good
1412,good,13894,good
1413,good,12076,good
1414,good,1024,good
1415,good,9833,good
1416,good,6889,good
1417,good,3968,good
1418,good,8232,good
1419,good,1066,good
1420,good,7790,good
1421,good,2240,good
1422,good,9416,good
1423,good,13440,good
1424,good,3347,good
1425,good,12143,good
1426,good,3642,good
1427,good,6417,good
1428,good,5896,good
1429,good,11668,good
1430,good,11388,good
1431,good,869,good
1432,good,8542,good
1433,good,9902,good
1434,good,4764,good
1435,good,7176,good
1436,good,8008,good
1437,good,8402,good
1438,good,4895,good
1439,good,7259,good
1440,good,11436,good
1441,good,9412,good
1442,good,466,good
1443,good,3468,good
1444,good,4602,good
1445,good,1325,good
1446,good,1722,good
1447,good,9832,good
1448,good,6594,good
1449,good,7159,good
1450,good,4029,good
1451,good,4666,good
1452,good,1699,good
1453,good,317,good
1454,good,5528,good
1455,good,5813,good
1456,good,8845,good
1457,good,361,good
1458,good,14121,good
1459,good,5668,good
1460,good,2933,good
1461,good,5448,good
1462,good,4531,good
1463,good,11261,good
1464,good,1200,good
1465,good,7990,good
1466,sound,11376,good
1467,sound,9603,good
1468,sound,14108,good
1469,sound,10023,good
1470,sound,3486,good
1471,sound,10647,good
1472,sound,5186,good
1473,sound,4309,good
1474,sound,753,good
1475,sound,10187,good
1476,sound,11554,good
1477,sound,11995,good
1478,sound,13067,good
1479,sound,8102,good
1480,sound,12024,good
1481,sound,7690,good
1482,sound,1952,good
1483,sound,2442,good
1484,sound,11661,good
1485,sound,1311,good
1486,sound,12113,good
1487,sound,9419,good
1488,sound,914,good
1489,sound,9120,good
1490,sound,3634,good
1491,sound,9703,good
1492,sound,2469,good
1493,sound,2445,good
1494,sound,4721,good
1495,sound,11221,good
1496,sound,10747,good
1497,sound,45,good
1498,sound,179,good
1499,sound,11378,good
1500,sound,1077,good
1501,sound,7852,good
1502,sound,6911,good
1503,sound,3765,good
1504,sound,465,good
1505,sound,66,good
1506,sound,9101,good
1507,sound,11557,good
1508,sound,5095,good
1509,sound,7746,good
1510,sound,4425,good
1511,sound,4115,good
1512,sound,479,good
1513,sound,5130,good
1514,sound,10005,good
1515,sound,10856,good
1516,sound,32,good
1517,sound,10765,good
1518,sound,4290,good
1519,sound,4812,good
1520,sound,3636,good
1521,sound,3814,good
1522,sound,12347,good
1523,sound,4266,good
1524,sound,6123,good
1525,sound,8477,good
1526,sound,6163,good
1527,sound,10175,good
1528,sound,4136,good
1529,sound,6734,good
1530,sound,8452,good
1531,sound,1688,good
1532,sound,7773,good
1533,sound,11672,good
1534,sound,1492,good
1535,sound,10863,good
1536,sound,2793,good
1537,sound,1399,good
1538,sound,8851,good
1539,sound,2403,good
1540,sound,5180,good
1541,sound,7884,good
1542,sound,12144,good
1543,sound,2979,good
1544,sound,10238,good
1545,sound,4438,good
1546,sound,10455,good
1547,sound,8039,good
1548,sound,8804,good
1549,sound,9907,good
1550,sound,4468,good
1551,sound,3879,good
1552,sound,3089,good
1553,sound,1205,good
1554,sound,3850,good
1555,sound,10204,good
1556,sound,10814,good
1557,sound,5443,good
1558,sound,2396,good
1559,sound,9573,good
1560,sound,7439,good
1561,sound,2547,good
1562,sound,10464,good
1563,sound,10244,good
1564,sound,1750,good
1565,sound,6919,good
1566,sound,5502,good
1567,sound,3173,good
1568,sound,9571,good
1569,sound,9345,good
1570,sound,3203,good
1571,sound,11930,good
1572,sound,7078,good
1573,sound,3562,good
1574,sound,11538,good
1575,sound,744,good
1576,sound,10074,good
1577,sound,13232,good
1578,sound,13446,good
1579,sound,12483,good
1580,sound,12509,good
1581,sound,10054,good
1582,sound,8406,good
1583,sound,4580,good
1584,sound,3190,good
1585,sound,13546,good
1586,sound,10784,good
1587,sound,2911,good
1588,sound,369,good
1589,sound,4399,good
1590,sound,3974,good
1591,sound,10354,good
1592,sound,1950,good
1593,sound,8150,good
1594,sound,3821,good
1595,sound,10777,good
1596,sound,12304,good
1597,sound,12323,good
1598,sound,4134,good
1599,sound,4061,good
1600,sound,11380,good
1601,sound,7418,good
1602,sound,8554,good
1603,sound,8646,good
1604,sound,4631,good
1605,sound,5069,good
1606,sound,7355,good
1607,sound,7752,good
1608,sound,8423,good
1609,sound,2008,good
1610,sound,7288,good
1611,sound,5916,good
1612,sound,3117,good
1613,sound,2532,good
1614,sound,1545,good
1615,sound,9734,good
1616,sound,9632,good
1617,sound,5509,good
1618,sound,10774,good
1619,sound,10936,good
1620,sound,4866,good
1621,sound,8020,good
1622,sound,11902,good
1623,sound,10695,good
1624,sound,9831,good
1625,sound,12393,good
1626,sound,6902,good
1627,sound,8798,good
1628,sound,8179,good
1629,sound,2926,good
1630,sound,5523,good
1631,sound,11638,good
1632,sound,804,good
1633,sound,1120,good
1634,sound,8517,good
1635,sound,4852,good
1636,sound,11048,good
1637,sound,11125,good
1638,sound,1554,good
1639,sound,10760,good
1640,sound,11103,good
1641,sound,10843,good
1642,sound,7270,good
1643,sound,5062,good
1644,sound,5008,good
1645,sound,2764,good
1646,sound,10273,good
1647,sound,7894,good
1648,sound,5591,good
1649,sound,5016,good
1650,sound,3998,good
1651,sound,1204,good
1652,sound,12284,good
1653,sound,1625,good
1654,sound,11176,good
1655,sound,1906,good
1656,sound,11300,good
1657,sound,1243,good
1658,sound,117,good
1659,sound,626,good
1660,sound,7480,good
1661,sound,3450,good
1662,sound,3979,good
1663,sound,2305,good
1664,sound,12237,good
1665,sound,9583,good
1666,sound,6151,good
1667,sound,4402,good
1668,sound,1882,good
1669,sound,9623,good
1670,sound,2424,good
1671,sound,4549,good
1672,sound,6672,good
1673,sound,9164,good
1674,sound,10480,good
1675,sound,9871,good
1676,sound,8279,good
1677,sound,3412,good
1678,sound,12931,good
1679,sound,3017,good
1680,sound,11810,good
1681,sound,13374,good
1682,sound,8158,good
1683,sound,11183,good
1684,sound,2906,good
1685,sound,12447,good
1686,sound,8607,good
1687,sound,7625,good
1688,sound,126,good
1689,sound,8710,good
1690,sound,618,good
1691,sound,11160,good
1692,sound,2810,good
1693,sound,4449,good
1694,sound,14103,good
1695,sound,10462,good
1696,sound,673,good
1697,sound,11747,good
1698,sound,12268,good
1699,sound,9769,good
1700,sound,2077,good
1701,sound,56,good
1702,sound,8980,good
1703,sound,2401,good
1704,sound,8659,good
1705,sound,7639,good
1706,sound,5457,good
1707,sound,13657,good
1708,sound,12586,good
1709,sound,6351,good
1710,sound,10239,good
1711,sound,4615,good
1712,sound,12076,good
1713,sound,9493,good
1714,sound,11682,good
1715,sound,12321,good
1716,sound,3968,good
1717,sound,8232,good
1718,sound,1066,good
1719,sound,7790,good
1720,sound,6249,good
1721,sound,8182,good
1722,sound,9416,good
1723,sound,2123,good
1724,sound,13440,good
1725,sound,3347,good
1726,sound,12143,good
1727,sound,6417,good
1728,sound,9275,good
1729,sound,5896,good
1730,sound,11668,good
1731,sound,869,good
1732,sound,11148,good
1733,sound,2124,good
1734,sound,4764,good
1735,sound,11752,good
1736,sound,8008,good
1737,sound,5460,good
1738,sound,8402,good
1739,sound,2517,good
1740,sound,14117,good
1741,sound,7259,good
1742,sound,94,good
1743,sound,2452,good
1744,sound,6648,good
1745,sound,466,good
1746,sound,11768,good
1747,sound,760,good
1748,sound,4602,good
1749,sound,1325,good
1750,sound,1722,good
1751,sound,11377,good
1752,sound,4029,good
1753,sound,4666,good
1754,sound,317,good
1755,sound,7582,good
1756,sound,5528,good
1757,sound,7181,good
1758,sound,5813,good
1759,sound,8845,good
1760,sound,361,good
1761,sound,14121,good
1762,sound,2933,good
1763,sound,5448,good
1764,sound,10118,good
1765,qualiti,11376,good
1766,qualiti,9603,good
1767,qualiti,8269,good
1768,qualiti,14108,good
1769,qualiti,10023,good
1770,qualiti,3486,good
1771,qualiti,10647,good
1772,qualiti,5186,good
1773,qualiti,4309,good
1774,qualiti,753,good
1775,qualiti,10187,good
1776,qualiti,11554,good
1777,qualiti,11995,good
1778,qualiti,8102,good
1779,qualiti,12024,good
1780,qualiti,7690,good
1781,qualiti,11661,good
1782,qualiti,1311,good
1783,qualiti,9120,good
1784,qualiti,9703,good
1785,qualiti,2469,good
1786,qualiti,2445,good
1787,qualiti,4721,good
1788,qualiti,12238,good
1789,qualiti,10747,good
1790,qualiti,45,good
1791,qualiti,179,good
1792,qualiti,11378,good
1793,qualiti,1077,good
1794,qualiti,3765,good
1795,qualiti,465,good
1796,qualiti,66,good
1797,qualiti,9101,good
1798,qualiti,4115,good
1799,qualiti,479,good
1800,qualiti,3440,good
1801,qualiti,5130,good
1802,qualiti,10005,good
1803,qualiti,1758,good
1804,qualiti,32,good
1805,qualiti,4290,good
1806,qualiti,10098,good
1807,qualiti,13025,good
1808,qualiti,12347,good
1809,qualiti,7473,good
1810,qualiti,4266,good
1811,qualiti,11210,good
1812,qualiti,6123,good
1813,qualiti,8477,good
1814,qualiti,14287,good
1815,qualiti,7330,good
1816,qualiti,6163,good
1817,qualiti,4136,good
1818,qualiti,6734,good
1819,qualiti,8452,good
1820,qualiti,1688,good
1821,qualiti,7773,good
1822,qualiti,11025,good
1823,qualiti,11672,good
1824,qualiti,1492,good
1825,qualiti,10863,good
1826,qualiti,2793,good
1827,qualiti,3482,good
1828,qualiti,8851,good
1829,qualiti,2403,good
1830,qualiti,5180,good
1831,qualiti,7884,good
1832,qualiti,12144,good
1833,qualiti,2979,good
1834,qualiti,4438,good
1835,qualiti,10455,good
1836,qualiti,8039,good
1837,qualiti,1612,good
1838,qualiti,8804,good
1839,qualiti,9907,good
1840,qualiti,4468,good
1841,qualiti,1205,good
1842,qualiti,3850,good
1843,qualiti,10814,good
1844,qualiti,2396,good
1845,qualiti,2600,good
1846,qualiti,11323,good
1847,qualiti,10464,good
1848,qualiti,8294,good
1849,qualiti,10244,good
1850,qualiti,6866,good
1851,qualiti,5502,good
1852,qualiti,3173,good
1853,qualiti,1771,good
1854,qualiti,9345,good
1855,qualiti,3203,good
1856,qualiti,11930,good
1857,qualiti,3562,good
1858,qualiti,8937,good
1859,qualiti,305,good
1860,qualiti,744,good
1861,qualiti,13446,good
1862,qualiti,9531,good
1863,qualiti,12483,good
1864,qualiti,11667,good
1865,qualiti,12509,good
1866,qualiti,10054,good
1867,qualiti,8406,good
1868,qualiti,4580,good
1869,qualiti,3190,good
1870,qualiti,10784,good
1871,qualiti,2911,good
1872,qualiti,4544,good
1873,qualiti,3974,good
1874,qualiti,10354,good
1875,qualiti,9088,good
1876,qualiti,1950,good
1877,qualiti,8150,good
1878,qualiti,3821,good
1879,qualiti,10777,good
1880,qualiti,12304,good
1881,qualiti,12323,good
1882,qualiti,4134,good
1883,qualiti,4631,good
1884,qualiti,7355,good
1885,qualiti,7752,good
1886,qualiti,8423,good
1887,qualiti,2008,good
1888,qualiti,7288,good
1889,qualiti,5916,good
1890,qualiti,10680,good
1891,qualiti,3117,good
1892,qualiti,2532,good
1893,qualiti,1545,good
1894,qualiti,12765,good
1895,qualiti,10057,good
1896,qualiti,9632,good
1897,qualiti,10774,good
1898,qualiti,10936,good
1899,qualiti,4866,good
1900,qualiti,8020,good
1901,qualiti,11902,good
1902,qualiti,10695,good
1903,qualiti,9831,good
1904,qualiti,12393,good
1905,qualiti,6902,good
1906,qualiti,8798,good
1907,qualiti,8179,good
1908,qualiti,1713,good
1909,qualiti,2926,good
1910,qualiti,1120,good
1911,qualiti,4852,good
1912,qualiti,11048,good
1913,qualiti,7797,good
1914,qualiti,11125,good
1915,qualiti,10760,good
1916,qualiti,11103,good
1917,qualiti,10843,good
1918,qualiti,7377,good
1919,qualiti,7270,good
1920,qualiti,2822,good
1921,qualiti,5062,good
1922,qualiti,5008,good
1923,qualiti,2764,good
1924,qualiti,10273,good
1925,qualiti,5016,good
1926,qualiti,3998,good
1927,qualiti,1204,good
1928,qualiti,11176,good
1929,qualiti,8785,good
1930,qualiti,11300,good
1931,qualiti,10362,good
1932,qualiti,117,good
1933,qualiti,626,good
1934,qualiti,7480,good
1935,qualiti,3450,good
1936,qualiti,3979,good
1937,qualiti,2305,good
1938,qualiti,735,good
1939,qualiti,12237,good
1940,qualiti,3143,good
1941,qualiti,9583,good
1942,qualiti,12822,good
1943,qualiti,4323,good
1944,qualiti,6151,good
1945,qualiti,4058,good
1946,qualiti,1882,good
1947,qualiti,8840,good
1948,qualiti,2424,good
1949,qualiti,11147,good
1950,qualiti,6672,good
1951,qualiti,2189,good
1952,qualiti,10480,good
1953,qualiti,788,good
1954,qualiti,11272,good
1955,qualiti,8279,good
1956,qualiti,3412,good
1957,qualiti,12931,good
1958,qualiti,11810,good
1959,qualiti,4757,good
1960,qualiti,8158,good
1961,qualiti,12049,good
1962,qualiti,2906,good
1963,qualiti,12447,good
1964,qualiti,8632,good
1965,qualiti,7625,good
1966,qualiti,126,good
1967,qualiti,8710,good
1968,qualiti,9608,good
1969,qualiti,618,good
1970,qualiti,2810,good
1971,qualiti,14103,good
1972,qualiti,673,good
1973,qualiti,11747,good
1974,qualiti,2077,good
1975,qualiti,56,good
1976,qualiti,8980,good
1977,qualiti,2401,good
1978,qualiti,8659,good
1979,qualiti,6351,good
1980,qualiti,7856,good
1981,qualiti,1024,good
1982,qualiti,9157,good
1983,qualiti,12321,good
1984,qualiti,1066,good
1985,qualiti,7790,good
1986,qualiti,6249,good
1987,qualiti,8182,good
1988,qualiti,9416,good
1989,qualiti,2123,good
1990,qualiti,13440,good
1991,qualiti,3347,good
1992,qualiti,6417,good
1993,qualiti,11668,good
1994,qualiti,869,good
1995,qualiti,2124,good
1996,qualiti,4764,good
1997,qualiti,7176,good
1998,qualiti,8008,good
1999,qualiti,5460,good
2000,qualiti,8402,good
2001,qualiti,2517,good
2002,qualiti,7259,good
2003,qualiti,94,good
2004,qualiti,8557,good
2005,qualiti,8783,good
2006,qualiti,6648,good
2007,qualiti,466,good
2008,qualiti,760,good
2009,qualiti,4602,good
2010,qualiti,1325,good
2011,qualiti,1722,good
2012,qualiti,7159,good
2013,qualiti,4029,good
2014,qualiti,3273,good
2015,qualiti,317,good
2016,qualiti,7582,good
2017,qualiti,7181,good
2018,qualiti,5813,good
2019,qualiti,8845,good
2020,qualiti,361,good
2021,qualiti,11408,good
2022,qualiti,2933,good
2023,qualiti,5448,good
2024,qualiti,4531,good
2025,qualiti,7990,good
2026,qualiti,7509,good
2027,product,11376,good
2028,product,9603,good
2029,product,14108,good
2030,product,10023,good
2031,product,5186,good
2032,product,4309,good
2033,product,753,good
2034,product,5517,good
2035,product,4500,good
2036,product,7690,good
2037,product,2442,good
2038,product,3788,good
2039,product,1311,good
2040,product,4310,good
2041,product,2734,good
2042,product,4721,good
2043,product,6482,good
2044,product,12114,good
2045,product,45,good
2046,product,6638,good
2047,product,4825,good
2048,product,9996,good
2049,product,6911,good
2050,product,465,good
2051,product,5130,good
2052,product,10005,good
2053,product,6697,good
2054,product,11077,good
2055,product,12167,good
2056,product,9778,good
2057,product,1758,good
2058,product,32,good
2059,product,13025,good
2060,product,12347,good
2061,product,4266,good
2062,product,8425,good
2063,product,8477,good
2064,product,11393,good
2065,product,7330,good
2066,product,4384,good
2067,product,3289,good
2068,product,4349,good
2069,product,10863,good
2070,product,1399,good
2071,product,2979,good
2072,product,5737,good
2073,product,4438,good
2074,product,13732,good
2075,product,9355,good
2076,product,1205,good
2077,product,5443,good
2078,product,5432,good
2079,product,3674,good
2080,product,2538,good
2081,product,3728,good
2082,product,6919,good
2083,product,2564,good
2084,product,305,good
2085,product,11807,good
2086,product,10074,good
2087,product,1250,good
2088,product,11628,good
2089,product,12483,good
2090,product,3004,good
2091,product,12073,good
2092,product,10054,good
2093,product,4882,good
2094,product,6047,good
2095,product,11402,good
2096,product,11969,good
2097,product,4498,good
2098,product,9088,good
2099,product,1950,good
2100,product,10688,good
2101,product,9558,good
2102,product,11380,good
2103,product,7418,good
2104,product,8554,good
2105,product,5084,good
2106,product,4631,good
2107,product,2008,good
2108,product,5916,good
2109,product,13731,good
2110,product,2837,good
2111,product,10057,good
2112,product,12170,good
2113,product,10512,good
2114,product,5035,good
2115,product,8020,good
2116,product,4979,good
2117,product,3304,good
2118,product,12393,good
2119,product,2592,good
2120,product,6902,good
2121,product,12214,good
2122,product,9288,good
2123,product,11638,good
2124,product,1120,good
2125,product,12035,good
2126,product,6723,good
2127,product,7797,good
2128,product,10391,good
2129,product,7270,good
2130,product,2822,good
2131,product,5008,good
2132,product,10273,good
2133,product,13758,good
2134,product,3464,good
2135,product,1204,good
2136,product,3590,good
2137,product,9868,good
2138,product,3306,good
2139,product,13513,good
2140,product,10362,good
2141,product,6369,good
2142,product,1243,good
2143,product,117,good
2144,product,3942,good
2145,product,626,good
2146,product,2305,good
2147,product,11020,good
2148,product,5557,good
2149,product,7099,good
2150,product,2071,good
2151,product,4323,good
2152,product,5600,good
2153,product,1882,good
2154,product,2424,good
2155,product,11147,good
2156,product,6960,good
2157,product,13616,good
2158,product,11272,good
2159,product,3819,good
2160,product,3017,good
2161,product,4376,good
2162,product,4756,good
2163,product,4364,good
2164,product,4677,good
2165,product,2906,good
2166,product,8632,good
2167,product,618,good
2168,product,14103,good
2169,product,11350,good
2170,product,6295,good
2171,product,10462,good
2172,product,673,good
2173,product,2077,good
2174,product,56,good
2175,product,5457,good
2176,product,4313,good
2177,product,7899,good
2178,product,10239,good
2179,product,2156,good
2180,product,13894,good
2181,product,1024,good
2182,product,9493,good
2183,product,3618,good
2184,product,2240,good
2185,product,9416,good
2186,product,2304,good
2187,product,3642,good
2188,product,6417,good
2189,product,6103,good
2190,product,869,good
2191,product,8008,good
2192,product,5460,good
2193,product,8402,good
2194,product,1094,good
2195,product,4895,good
2196,product,14117,good
2197,product,7259,good
2198,product,8557,good
2199,product,5136,good
2200,product,760,good
2201,product,1325,good
2202,product,1722,good
2203,product,9832,good
2204,product,317,good
2205,product,7582,good
2206,product,5528,good
2207,product,7181,good
2208,product,5813,good
2209,product,5668,good
2210,product,4489,good
2211,product,5678,good
2212,product,2933,good
2213,product,4531,good
2214,product,11261,good
2215,product,7509,good
2216,bass,10023,good
2217,bass,10647,good
2218,bass,5517,good
2219,bass,4500,good
2220,bass,1720,good
2221,bass,1952,good
2222,bass,2442,good
2223,bass,914,good
2224,bass,4310,good
2225,bass,2445,good
2226,bass,1077,good
2227,bass,7852,good
2228,bass,66,good
2229,bass,11557,good
2230,bass,479,good
2231,bass,10856,good
2232,bass,32,good
2233,bass,10765,good
2234,bass,10638,good
2235,bass,14084,good
2236,bass,7473,good
2237,bass,13236,good
2238,bass,1399,good
2239,bass,7884,good
2240,bass,10455,good
2241,bass,3879,good
2242,bass,1205,good
2243,bass,9573,good
2244,bass,2600,good
2245,bass,8294,good
2246,bass,6919,good
2247,bass,9571,good
2248,bass,3562,good
2249,bass,11538,good
2250,bass,744,good
2251,bass,13232,good
2252,bass,3190,good
2253,bass,11402,good
2254,bass,9610,good
2255,bass,2911,good
2256,bass,369,good
2257,bass,4498,good
2258,bass,4399,good
2259,bass,3974,good
2260,bass,11380,good
2261,bass,8646,good
2262,bass,3117,good
2263,bass,1545,good
2264,bass,9632,good
2265,bass,10774,good
2266,bass,8020,good
2267,bass,7876,good
2268,bass,10218,good
2269,bass,2363,good
2270,bass,11935,good
2271,bass,9288,good
2272,bass,1120,good
2273,bass,8517,good
2274,bass,1537,good
2275,bass,10722,good
2276,bass,7377,good
2277,bass,7270,good
2278,bass,8472,good
2279,bass,7929,good
2280,bass,14231,good
2281,bass,1625,good
2282,bass,1906,good
2283,bass,8785,good
2284,bass,1243,good
2285,bass,117,good
2286,bass,3942,good
2287,bass,7480,good
2288,bass,10946,good
2289,bass,6151,good
2290,bass,1882,good
2291,bass,9623,good
2292,bass,11417,good
2293,bass,788,good
2294,bass,11272,good
2295,bass,3017,good
2296,bass,11810,good
2297,bass,11183,good
2298,bass,126,good
2299,bass,8710,good
2300,bass,12268,good
2301,bass,9769,good
2302,bass,56,good
2303,bass,2401,good
2304,bass,8659,good
2305,bass,7639,good
2306,bass,7911,good
2307,bass,12586,good
2308,bass,10239,good
2309,bass,7856,good
2310,bass,9493,good
2311,bass,3968,good
2312,bass,8182,good
2313,bass,2267,good
2314,bass,9275,good
2315,bass,5896,good
2316,bass,869,good
2317,bass,2124,good
2318,bass,8542,good
2319,bass,7259,good
2320,bass,94,good
2321,bass,760,good
2322,bass,4602,good
2323,bass,1325,good
2324,bass,1722,good
2325,bass,7529,good
2326,bass,4666,good
2327,bass,317,good
2328,bass,7181,good
2329,bass,5813,good
2330,bass,14121,good
2331,bass,1200,good
2332,bass,7509,good
2333,earphon,8269,good
2334,earphon,14108,good
2335,earphon,9859,good
2336,earphon,12024,good
2337,earphon,7690,good
2338,earphon,1952,good
2339,earphon,11912,good
2340,earphon,10036,good
2341,earphon,8587,good
2342,earphon,7852,good
2343,earphon,465,good
2344,earphon,66,good
2345,earphon,479,good
2346,earphon,32,good
2347,earphon,7572,good
2348,earphon,6123,good
2349,earphon,4251,good
2350,earphon,11594,good
2351,earphon,1014,good
2352,earphon,7884,good
2353,earphon,2230,good
2354,earphon,12142,good
2355,earphon,2538,good
2356,earphon,305,good
2357,earphon,9296,good
2358,earphon,1250,good
2359,earphon,9531,good
2360,earphon,2104,good
2361,earphon,10354,good
2362,earphon,10777,good
2363,earphon,7355,good
2364,earphon,7752,good
2365,earphon,10704,good
2366,earphon,3215,good
2367,earphon,850,good
2368,earphon,12001,good
2369,earphon,500,good
2370,earphon,804,good
2371,earphon,10208,good
2372,earphon,1554,good
2373,earphon,11206,good
2374,earphon,7270,good
2375,earphon,2764,good
2376,earphon,7894,good
2377,earphon,1625,good
2378,earphon,626,good
2379,earphon,7480,good
2380,earphon,788,good
2381,earphon,9871,good
2382,earphon,8279,good
2383,earphon,11810,good
2384,earphon,8158,good
2385,earphon,11183,good
2386,earphon,10505,good
2387,earphon,618,good
2388,earphon,2810,good
2389,earphon,10462,good
2390,earphon,9769,good
2391,earphon,56,good
2392,earphon,8980,good
2393,earphon,7639,good
2394,earphon,11152,good
2395,earphon,1024,good
2396,earphon,9157,good
2397,earphon,7790,good
2398,earphon,2123,good
2399,earphon,9275,good
2400,earphon,5896,good
2401,earphon,869,good
2402,earphon,8542,good
2403,earphon,1094,good
2404,earphon,8783,good
2405,earphon,466,good
2406,earphon,7529,good
2407,earphon,5799,good
2408,earphon,4666,good
2409,earphon,12761,good
2410,earphon,7582,good
2411,earphon,7181,good
2412,earphon,5813,good
2413,earphon,361,good
2414,earphon,14121,good
2415,earphon,5448,good
2416,earphon,8331,good
2417,best,8269,good
2418,best,10647,good
2419,best,9859,good
2420,best,1720,good
2421,best,1952,good
2422,best,2442,good
2423,best,11912,good
2424,best,10036,good
2425,best,4218,good
2426,best,10747,good
2427,best,7746,good
2428,best,479,good
2429,best,5130,good
2430,best,4812,good
2431,best,7473,good
2432,best,7572,good
2433,best,7330,good
2434,best,6734,good
2435,best,11594,good
2436,best,1492,good
2437,best,7884,good
2438,best,3987,good
2439,best,6826,good
2440,best,3089,good
2441,best,10244,good
2442,best,11785,good
2443,best,3562,good
2444,best,305,good
2445,best,744,good
2446,best,9296,good
2447,best,13232,good
2448,best,11628,good
2449,best,3004,good
2450,best,12509,good
2451,best,3190,good
2452,best,2104,good
2453,best,3974,good
2454,best,3251,good
2455,best,4061,good
2456,best,7355,good
2457,best,12045,good
2458,best,3215,good
2459,best,5509,good
2460,best,850,good
2461,best,8020,good
2462,best,11749,good
2463,best,2363,good
2464,best,4979,good
2465,best,12001,good
2466,best,500,good
2467,best,2592,good
2468,best,8798,good
2469,best,1554,good
2470,best,10722,good
2471,best,7270,good
2472,best,5062,good
2473,best,5008,good
2474,best,3590,good
2475,best,1625,good
2476,best,2658,good
2477,best,117,good
2478,best,7480,good
2479,best,3143,good
2480,best,11417,good
2481,best,8840,good
2482,best,6672,good
2483,best,11272,good
2484,best,4376,good
2485,best,8158,good
2486,best,11183,good
2487,best,2906,good
2488,best,1592,good
2489,best,2983,good
2490,best,618,good
2491,best,4422,good
2492,best,7639,good
2493,best,11152,good
2494,best,7911,good
2495,best,10239,good
2496,best,3968,good
2497,best,10825,good
2498,best,7790,good
2499,best,2240,good
2500,best,9275,good
2501,best,6103,good
2502,best,11148,good
2503,best,8542,good
2504,best,7176,good
2505,best,14117,good
2506,best,10245,good
2507,best,8557,good
2508,best,8783,good
2509,best,2452,good
2510,best,6648,good
2511,best,4666,good
2512,best,12761,good
2513,best,317,good
2514,best,7582,good
2515,best,11676,good
2516,best,1200,good
2517,best,4768,good
2518,use,5186,good
2519,use,753,good
2520,use,1720,good
2521,use,1311,good
2522,use,10036,good
2523,use,914,good
2524,use,45,good
2525,use,3765,good
2526,use,465,good
2527,use,13413,good
2528,use,32,good
2529,use,10098,good
2530,use,12347,good
2531,use,7572,good
2532,use,4571,good
2533,use,3373,good
2534,use,2403,good
2535,use,7884,good
2536,use,12144,good
2537,use,3089,good
2538,use,1205,good
2539,use,5443,good
2540,use,13180,good
2541,use,6866,good
2542,use,10665,good
2543,use,214,good
2544,use,1750,good
2545,use,305,good
2546,use,744,good
2547,use,10074,good
2548,use,9296,good
2549,use,7418,good
2550,use,8646,good
2551,use,7752,good
2552,use,8423,good
2553,use,2008,good
2554,use,7288,good
2555,use,5509,good
2556,use,850,good
2557,use,5035,good
2558,use,8020,good
2559,use,7876,good
2560,use,500,good
2561,use,8179,good
2562,use,1537,good
2563,use,7797,good
2564,use,7270,good
2565,use,3590,good
2566,use,8785,good
2567,use,3992,good
2568,use,117,good
2569,use,3942,good
2570,use,7480,good
2571,use,1882,good
2572,use,10480,good
2573,use,9446,good
2574,use,2983,good
2575,use,126,good
2576,use,618,good
2577,use,8167,good
2578,use,12936,good
2579,use,8659,good
2580,use,4313,good
2581,use,8348,good
2582,use,11223,good
2583,use,7790,good
2584,use,2304,good
2585,use,8542,good
2586,use,7176,good
2587,use,8008,good
2588,use,4895,good
2589,use,94,good
2590,use,8557,good
2591,use,8783,good
2592,use,7529,good
2593,use,12761,good
2594,use,5528,good
2595,use,7181,good
2596,use,5813,good
2597,use,361,good
2598,use,5678,good
2599,use,2933,good
2600,use,5448,good
2601,use,7509,good
2602,batteri,5186,good
2603,batteri,753,good
2604,batteri,13067,good
2605,batteri,1952,good
2606,batteri,13587,good
2607,batteri,3244,good
2608,batteri,12820,good
2609,batteri,4310,good
2610,batteri,2445,good
2611,batteri,45,good
2612,batteri,179,good
2613,batteri,3599,good
2614,batteri,66,good
2615,batteri,32,good
2616,batteri,4812,good
2617,batteri,12347,good
2618,batteri,4266,good
2619,batteri,6807,good
2620,batteri,1492,good
2621,batteri,2793,good
2622,batteri,2403,good
2623,batteri,2979,good
2624,batteri,1612,good
2625,batteri,4468,good
2626,batteri,3089,good
2627,batteri,3850,good
2628,batteri,5432,good
2629,batteri,2600,good
2630,batteri,2547,good
2631,batteri,6866,good
2632,batteri,3173,good
2633,batteri,1771,good
2634,batteri,7078,good
2635,batteri,305,good
2636,batteri,744,good
2637,batteri,13232,good
2638,batteri,1825,good
2639,batteri,12483,good
2640,batteri,4580,good
2641,batteri,3190,good
2642,batteri,1950,good
2643,batteri,774,good
2644,batteri,2008,good
2645,batteri,13281,good
2646,batteri,5509,good
2647,batteri,13154,good
2648,batteri,2592,good
2649,batteri,1713,good
2650,batteri,2926,good
2651,batteri,1120,good
2652,batteri,1537,good
2653,batteri,2764,good
2654,batteri,3998,good
2655,batteri,117,good
2656,batteri,626,good
2657,batteri,3979,good
2658,batteri,735,good
2659,batteri,5557,good
2660,batteri,6607,good
2661,batteri,13610,good
2662,batteri,6580,good
2663,batteri,4058,good
2664,batteri,1882,good
2665,batteri,4549,good
2666,batteri,2189,good
2667,batteri,788,good
2668,batteri,13374,good
2669,batteri,13107,good
2670,batteri,12447,good
2671,batteri,1712,good
2672,batteri,126,good
2673,batteri,12268,good
2674,batteri,2077,good
2675,batteri,2725,good
2676,batteri,4615,good
2677,batteri,2240,good
2678,batteri,6103,good
2679,batteri,4764,good
2680,batteri,5460,good
2681,batteri,1325,good
2682,batteri,13619,good
2683,batteri,4029,good
2684,batteri,5813,good
2685,batteri,5448,good
2686,batteri,4531,good
2687,batteri,1200,good
2688,nice,5186,good
2689,nice,11802,good
2690,nice,12024,good
2691,nice,3788,good
2692,nice,12113,good
2693,nice,13671,good
2694,nice,12114,good
2695,nice,11972,good
2696,nice,6751,good
2697,nice,8425,good
2698,nice,13907,good
2699,nice,11025,good
2700,nice,3225,good
2701,nice,10455,good
2702,nice,1612,good
2703,nice,9355,good
2704,nice,7439,good
2705,nice,6866,good
2706,nice,2564,good
2707,nice,11836,good
2708,nice,7078,good
2709,nice,11807,good
2710,nice,4671,good
2711,nice,11402,good
2712,nice,11380,good
2713,nice,8554,good
2714,nice,10799,good
2715,nice,2008,good
2716,nice,13731,good
2717,nice,3117,good
2718,nice,9734,good
2719,nice,10512,good
2720,nice,13589,good
2721,nice,4105,good
2722,nice,12937,good
2723,nice,11935,good
2724,nice,5670,good
2725,nice,8179,good
2726,nice,9288,good
2727,nice,5739,good
2728,nice,12035,good
2729,nice,6723,good
2730,nice,4024,good
2731,nice,5008,good
2732,nice,4831,good
2733,nice,13758,good
2734,nice,6822,good
2735,nice,9868,good
2736,nice,11176,good
2737,nice,6369,good
2738,nice,3942,good
2739,nice,626,good
2740,nice,7480,good
2741,nice,7099,good
2742,nice,12237,good
2743,nice,2424,good
2744,nice,5193,good
2745,nice,3351,good
2746,nice,1712,good
2747,nice,618,good
2748,nice,8980,good
2749,nice,5457,good
2750,nice,13540,good
2751,nice,11682,good
2752,nice,8182,good
2753,nice,4718,good
2754,nice,6417,good
2755,nice,869,good
2756,nice,4602,good
2757,nice,1722,good
2758,nice,10870,good
2759,nice,11377,good
2760,nice,13805,good
2761,nice,4489,good
2762,nice,5678,good
2763,nice,4531,good
2764,good,12470,neutral
2765,good,12466,neutral
2766,good,7190,neutral
2767,good,5614,neutral
2768,good,557,neutral
2769,good,14198,neutral
2770,good,2193,neutral
2771,good,1031,neutral
2772,good,8125,neutral
2773,good,469,neutral
2774,good,8831,neutral
2775,good,3902,neutral
2776,good,13981,neutral
2777,good,7249,neutral
2778,good,2628,neutral
2779,good,1453,neutral
2780,good,9566,neutral
2781,good,8581,neutral
2782,good,10015,neutral
2783,good,7989,neutral
2784,good,8828,neutral
2785,good,3602,neutral
2786,good,112,neutral
2787,good,8302,neutral
2788,good,3655,neutral
2789,good,2712,neutral
2790,good,1267,neutral
2791,good,2296,neutral
2792,good,11198,neutral
2793,good,8376,neutral
2794,good,98,neutral
2795,good,4762,neutral
2796,good,10855,neutral
2797,good,10339,neutral
2798,good,1921,neutral
2799,good,1993,neutral
2800,good,4439,neutral
2801,good,4240,neutral
2802,good,8074,neutral
2803,good,264,neutral
2804,good,3761,neutral
2805,good,10678,neutral
2806,good,10174,neutral
2807,good,7022,neutral
2808,good,6099,neutral
2809,good,4144,neutral
2810,good,953,neutral
2811,good,1597,neutral
2812,good,4586,neutral
2813,good,12497,neutral
2814,good,2572,neutral
2815,good,5021,neutral
2816,good,14023,neutral
2817,good,9150,neutral
2818,good,2158,neutral
2819,good,12263,neutral
2820,good,12904,neutral
2821,good,2981,neutral
2822,good,1581,neutral
2823,good,8404,neutral
2824,good,9584,neutral
2825,good,7616,neutral
2826,good,8730,neutral
2827,good,13972,neutral
2828,good,11234,neutral
2829,good,267,neutral
2830,good,12589,neutral
2831,good,7344,neutral
2832,good,527,neutral
2833,good,2431,neutral
2834,good,11643,neutral
2835,good,10624,neutral
2836,good,12722,neutral
2837,good,14313,neutral
2838,good,4910,neutral
2839,good,13943,neutral
2840,good,3027,neutral
2841,good,12322,neutral
2842,good,2553,neutral
2843,good,8713,neutral
2844,good,8969,neutral
2845,good,8842,neutral
2846,good,410,neutral
2847,good,8059,neutral
2848,good,5051,neutral
2849,good,580,neutral
2850,good,2500,neutral
2851,good,3275,neutral
2852,good,8924,neutral
2853,good,2253,neutral
2854,good,4587,neutral
2855,good,2284,neutral
2856,good,9834,neutral
2857,good,12349,neutral
2858,good,912,neutral
2859,good,5151,neutral
2860,good,5798,neutral
2861,good,219,neutral
2862,good,5445,neutral
2863,good,11435,neutral
2864,good,842,neutral
2865,good,892,neutral
2866,good,5867,neutral
2867,good,3652,neutral
2868,good,11129,neutral
2869,good,12424,neutral
2870,good,9747,neutral
2871,good,2978,neutral
2872,good,14217,neutral
2873,good,14222,neutral
2874,good,9375,neutral
2875,good,6222,neutral
2876,good,7491,neutral
2877,good,7775,neutral
2878,good,10364,neutral
2879,good,8057,neutral
2880,good,9231,neutral
2881,good,11534,neutral
2882,good,14113,neutral
2883,good,12215,neutral
2884,good,12508,neutral
2885,good,134,neutral
2886,good,7757,neutral
2887,good,14318,neutral
2888,good,10311,neutral
2889,good,6689,neutral
2890,good,434,neutral
2891,good,8011,neutral
2892,good,6068,neutral
2893,good,1439,neutral
2894,good,12798,neutral
2895,good,104,neutral
2896,good,13565,neutral
2897,good,10492,neutral
2898,good,52,neutral
2899,good,8278,neutral
2900,good,8852,neutral
2901,good,9447,neutral
2902,sound,12466,neutral
2903,sound,340,neutral
2904,sound,2828,neutral
2905,sound,7190,neutral
2906,sound,7391,neutral
2907,sound,3639,neutral
2908,sound,8125,neutral
2909,sound,11004,neutral
2910,sound,9281,neutral
2911,sound,8831,neutral
2912,sound,13981,neutral
2913,sound,7249,neutral
2914,sound,2628,neutral
2915,sound,1453,neutral
2916,sound,6397,neutral
2917,sound,9566,neutral
2918,sound,5592,neutral
2919,sound,14098,neutral
2920,sound,7989,neutral
2921,sound,2464,neutral
2922,sound,2729,neutral
2923,sound,8667,neutral
2924,sound,3602,neutral
2925,sound,112,neutral
2926,sound,3655,neutral
2927,sound,2712,neutral
2928,sound,1267,neutral
2929,sound,9918,neutral
2930,sound,12240,neutral
2931,sound,11198,neutral
2932,sound,8376,neutral
2933,sound,12460,neutral
2934,sound,98,neutral
2935,sound,6562,neutral
2936,sound,7211,neutral
2937,sound,10855,neutral
2938,sound,10339,neutral
2939,sound,4240,neutral
2940,sound,8074,neutral
2941,sound,8222,neutral
2942,sound,264,neutral
2943,sound,3761,neutral
2944,sound,2381,neutral
2945,sound,6099,neutral
2946,sound,953,neutral
2947,sound,1553,neutral
2948,sound,4586,neutral
2949,sound,12497,neutral
2950,sound,5021,neutral
2951,sound,14023,neutral
2952,sound,2981,neutral
2953,sound,8404,neutral
2954,sound,8730,neutral
2955,sound,13972,neutral
2956,sound,11892,neutral
2957,sound,267,neutral
2958,sound,12589,neutral
2959,sound,7344,neutral
2960,sound,527,neutral
2961,sound,2431,neutral
2962,sound,11643,neutral
2963,sound,10624,neutral
2964,sound,7854,neutral
2965,sound,7671,neutral
2966,sound,227,neutral
2967,sound,12722,neutral
2968,sound,14313,neutral
2969,sound,13943,neutral
2970,sound,8006,neutral
2971,sound,11438,neutral
2972,sound,2553,neutral
2973,sound,8969,neutral
2974,sound,8842,neutral
2975,sound,410,neutral
2976,sound,8059,neutral
2977,sound,580,neutral
2978,sound,8924,neutral
2979,sound,2253,neutral
2980,sound,4587,neutral
2981,sound,7285,neutral
2982,sound,2284,neutral
2983,sound,912,neutral
2984,sound,219,neutral
2985,sound,8089,neutral
2986,sound,10752,neutral
2987,sound,7670,neutral
2988,sound,11435,neutral
2989,sound,842,neutral
2990,sound,892,neutral
2991,sound,5867,neutral
2992,sound,3839,neutral
2993,sound,9697,neutral
2994,sound,3652,neutral
2995,sound,1118,neutral
2996,sound,9333,neutral
2997,sound,11129,neutral
2998,sound,12424,neutral
2999,sound,14217,neutral
3000,sound,12098,neutral
3001,sound,725,neutral
3002,sound,14222,neutral
3003,sound,9375,neutral
3004,sound,7775,neutral
3005,sound,14129,neutral
3006,sound,10364,neutral
3007,sound,8057,neutral
3008,sound,9231,neutral
3009,sound,2774,neutral
3010,sound,11534,neutral
3011,sound,11488,neutral
3012,sound,14249,neutral
3013,sound,12215,neutral
3014,sound,12508,neutral
3015,sound,7757,neutral
3016,sound,10311,neutral
3017,sound,679,neutral
3018,sound,434,neutral
3019,sound,1782,neutral
3020,sound,4864,neutral
3021,sound,7192,neutral
3022,sound,8011,neutral
3023,sound,2615,neutral
3024,sound,6068,neutral
3025,sound,9710,neutral
3026,sound,1439,neutral
3027,sound,12798,neutral
3028,sound,10632,neutral
3029,sound,9820,neutral
3030,sound,104,neutral
3031,sound,8852,neutral
3032,sound,8574,neutral
3033,not,340,neutral
3034,not,3390,neutral
3035,not,7393,neutral
3036,not,731,neutral
3037,not,14198,neutral
3038,not,2193,neutral
3039,not,1031,neutral
3040,not,7391,neutral
3041,not,5911,neutral
3042,not,8125,neutral
3043,not,11213,neutral
3044,not,469,neutral
3045,not,8831,neutral
3046,not,7249,neutral
3047,not,9566,neutral
3048,not,14098,neutral
3049,not,7989,neutral
3050,not,2729,neutral
3051,not,8667,neutral
3052,not,1279,neutral
3053,not,3602,neutral
3054,not,112,neutral
3055,not,8302,neutral
3056,not,8320,neutral
3057,not,1267,neutral
3058,not,2296,neutral
3059,not,11347,neutral
3060,not,12744,neutral
3061,not,1805,neutral
3062,not,4762,neutral
3063,not,7211,neutral
3064,not,10855,neutral
3065,not,10339,neutral
3066,not,5026,neutral
3067,not,1921,neutral
3068,not,4439,neutral
3069,not,8074,neutral
3070,not,3761,neutral
3071,not,7570,neutral
3072,not,10174,neutral
3073,not,7022,neutral
3074,not,6099,neutral
3075,not,4144,neutral
3076,not,953,neutral
3077,not,1597,neutral
3078,not,4586,neutral
3079,not,14023,neutral
3080,not,9150,neutral
3081,not,12904,neutral
3082,not,8404,neutral
3083,not,9584,neutral
3084,not,7616,neutral
3085,not,12861,neutral
3086,not,13972,neutral
3087,not,11234,neutral
3088,not,7344,neutral
3089,not,10705,neutral
3090,not,2431,neutral
3091,not,7369,neutral
3092,not,12722,neutral
3093,not,14313,neutral
3094,not,13943,neutral
3095,not,3027,neutral
3096,not,12322,neutral
3097,not,11438,neutral
3098,not,11647,neutral
3099,not,8713,neutral
3100,not,3484,neutral
3101,not,410,neutral
3102,not,3103,neutral
3103,not,8059,neutral
3104,not,5051,neutral
3105,not,580,neutral
3106,not,2253,neutral
3107,not,4587,neutral
3108,not,2489,neutral
3109,not,12349,neutral
3110,not,1651,neutral
3111,not,912,neutral
3112,not,5798,neutral
3113,not,9382,neutral
3114,not,8089,neutral
3115,not,10752,neutral
3116,not,11435,neutral
3117,not,842,neutral
3118,not,5867,neutral
3119,not,954,neutral
3120,not,9697,neutral
3121,not,2930,neutral
3122,not,3652,neutral
3123,not,9333,neutral
3124,not,12424,neutral
3125,not,11288,neutral
3126,not,2978,neutral
3127,not,12098,neutral
3128,not,725,neutral
3129,not,6222,neutral
3130,not,7775,neutral
3131,not,6147,neutral
3132,not,14129,neutral
3133,not,10364,neutral
3134,not,8057,neutral
3135,not,9231,neutral
3136,not,5063,neutral
3137,not,14113,neutral
3138,not,12215,neutral
3139,not,6689,neutral
3140,not,434,neutral
3141,not,4864,neutral
3142,not,7192,neutral
3143,not,8011,neutral
3144,not,1439,neutral
3145,not,1145,neutral
3146,not,7441,neutral
3147,not,10492,neutral
3148,not,8278,neutral
3149,not,9447,neutral
3150,not,8574,neutral
3151,not,11977,neutral
3152,qualiti,12466,neutral
3153,qualiti,340,neutral
3154,qualiti,7190,neutral
3155,qualiti,10253,neutral
3156,qualiti,731,neutral
3157,qualiti,7391,neutral
3158,qualiti,3639,neutral
3159,qualiti,6025,neutral
3160,qualiti,8096,neutral
3161,qualiti,8831,neutral
3162,qualiti,3902,neutral
3163,qualiti,13981,neutral
3164,qualiti,7249,neutral
3165,qualiti,2628,neutral
3166,qualiti,9566,neutral
3167,qualiti,14098,neutral
3168,qualiti,7989,neutral
3169,qualiti,8828,neutral
3170,qualiti,2729,neutral
3171,qualiti,8667,neutral
3172,qualiti,3602,neutral
3173,qualiti,112,neutral
3174,qualiti,3655,neutral
3175,qualiti,2712,neutral
3176,qualiti,1267,neutral
3177,qualiti,12240,neutral
3178,qualiti,11198,neutral
3179,qualiti,8376,neutral
3180,qualiti,12460,neutral
3181,qualiti,98,neutral
3182,qualiti,10339,neutral
3183,qualiti,4240,neutral
3184,qualiti,8222,neutral
3185,qualiti,11205,neutral
3186,qualiti,264,neutral
3187,qualiti,3761,neutral
3188,qualiti,2381,neutral
3189,qualiti,6099,neutral
3190,qualiti,953,neutral
3191,qualiti,1597,neutral
3192,qualiti,1553,neutral
3193,qualiti,4586,neutral
3194,qualiti,12497,neutral
3195,qualiti,5021,neutral
3196,qualiti,14023,neutral
3197,qualiti,2158,neutral
3198,qualiti,2981,neutral
3199,qualiti,1581,neutral
3200,qualiti,8404,neutral
3201,qualiti,8730,neutral
3202,qualiti,13972,neutral
3203,qualiti,11892,neutral
3204,qualiti,267,neutral
3205,qualiti,7344,neutral
3206,qualiti,11643,neutral
3207,qualiti,7854,neutral
3208,qualiti,7671,neutral
3209,qualiti,227,neutral
3210,qualiti,12722,neutral
3211,qualiti,14313,neutral
3212,qualiti,11438,neutral
3213,qualiti,2553,neutral
3214,qualiti,3484,neutral
3215,qualiti,8969,neutral
3216,qualiti,8842,neutral
3217,qualiti,8059,neutral
3218,qualiti,580,neutral
3219,qualiti,2253,neutral
3220,qualiti,7285,neutral
3221,qualiti,2284,neutral
3222,qualiti,1975,neutral
3223,qualiti,912,neutral
3224,qualiti,7670,neutral
3225,qualiti,5445,neutral
3226,qualiti,11435,neutral
3227,qualiti,842,neutral
3228,qualiti,892,neutral
3229,qualiti,5867,neutral
3230,qualiti,3839,neutral
3231,qualiti,1118,neutral
3232,qualiti,9333,neutral
3233,qualiti,11129,neutral
3234,qualiti,12424,neutral
3235,qualiti,9747,neutral
3236,qualiti,14217,neutral
3237,qualiti,9375,neutral
3238,qualiti,14129,neutral
3239,qualiti,10364,neutral
3240,qualiti,9231,neutral
3241,qualiti,2774,neutral
3242,qualiti,11534,neutral
3243,qualiti,11488,neutral
3244,qualiti,14249,neutral
3245,qualiti,14113,neutral
3246,qualiti,12215,neutral
3247,qualiti,134,neutral
3248,qualiti,7757,neutral
3249,qualiti,434,neutral
3250,qualiti,1782,neutral
3251,qualiti,8011,neutral
3252,qualiti,2615,neutral
3253,qualiti,1439,neutral
3254,qualiti,12798,neutral
3255,qualiti,10632,neutral
3256,qualiti,9820,neutral
3257,qualiti,9940,neutral
3258,qualiti,104,neutral
3259,qualiti,7441,neutral
3260,qualiti,920,neutral
3261,qualiti,8574,neutral
3262,bass,7391,neutral
3263,bass,3639,neutral
3264,bass,5911,neutral
3265,bass,9282,neutral
3266,bass,11004,neutral
3267,bass,9281,neutral
3268,bass,8831,neutral
3269,bass,7249,neutral
3270,bass,8581,neutral
3271,bass,14098,neutral
3272,bass,8667,neutral
3273,bass,1279,neutral
3274,bass,112,neutral
3275,bass,12240,neutral
3276,bass,12744,neutral
3277,bass,1805,neutral
3278,bass,98,neutral
3279,bass,7211,neutral
3280,bass,10855,neutral
3281,bass,4240,neutral
3282,bass,8074,neutral
3283,bass,8222,neutral
3284,bass,3761,neutral
3285,bass,10678,neutral
3286,bass,7022,neutral
3287,bass,12497,neutral
3288,bass,12092,neutral
3289,bass,9150,neutral
3290,bass,2158,neutral
3291,bass,7616,neutral
3292,bass,13972,neutral
3293,bass,267,neutral
3294,bass,12589,neutral
3295,bass,527,neutral
3296,bass,3502,neutral
3297,bass,7369,neutral
3298,bass,7854,neutral
3299,bass,14313,neutral
3300,bass,8006,neutral
3301,bass,2553,neutral
3302,bass,8969,neutral
3303,bass,410,neutral
3304,bass,8059,neutral
3305,bass,5051,neutral
3306,bass,580,neutral
3307,bass,8924,neutral
3308,bass,7285,neutral
3309,bass,2284,neutral
3310,bass,12349,neutral
3311,bass,912,neutral
3312,bass,5798,neutral
3313,bass,219,neutral
3314,bass,8089,neutral
3315,bass,842,neutral
3316,bass,3652,neutral
3317,bass,12424,neutral
3318,bass,9747,neutral
3319,bass,8692,neutral
3320,bass,14222,neutral
3321,bass,7491,neutral
3322,bass,7775,neutral
3323,bass,14129,neutral
3324,bass,9231,neutral
3325,bass,11534,neutral
3326,bass,14113,neutral
3327,bass,134,neutral
3328,bass,14318,neutral
3329,bass,10311,neutral
3330,bass,679,neutral
3331,bass,1782,neutral
3332,bass,7192,neutral
3333,bass,8370,neutral
3334,bass,14063,neutral
3335,bass,10632,neutral
3336,bass,7441,neutral
3337,bass,52,neutral
3338,bass,8278,neutral
3339,bass,11977,neutral
3340,product,12470,neutral
3341,product,12466,neutral
3342,product,12067,neutral
3343,product,2828,neutral
3344,product,10253,neutral
3345,product,7393,neutral
3346,product,5614,neutral
3347,product,557,neutral
3348,product,731,neutral
3349,product,2193,neutral
3350,product,1031,neutral
3351,product,7391,neutral
3352,product,469,neutral
3353,product,13981,neutral
3354,product,8828,neutral
3355,product,3602,neutral
3356,product,112,neutral
3357,product,11018,neutral
3358,product,2229,neutral
3359,product,7211,neutral
3360,product,9891,neutral
3361,product,1993,neutral
3362,product,4439,neutral
3363,product,890,neutral
3364,product,4193,neutral
3365,product,7022,neutral
3366,product,6099,neutral
3367,product,1597,neutral
3368,product,4586,neutral
3369,product,2572,neutral
3370,product,1119,neutral
3371,product,14023,neutral
3372,product,9502,neutral
3373,product,12904,neutral
3374,product,12861,neutral
3375,product,7344,neutral
3376,product,10705,neutral
3377,product,11643,neutral
3378,product,227,neutral
3379,product,3123,neutral
3380,product,5177,neutral
3381,product,8059,neutral
3382,product,3275,neutral
3383,product,4230,neutral
3384,product,2253,neutral
3385,product,2284,neutral
3386,product,912,neutral
3387,product,5151,neutral
3388,product,10752,neutral
3389,product,842,neutral
3390,product,892,neutral
3391,product,3652,neutral
3392,product,1118,neutral
3393,product,11129,neutral
3394,product,8692,neutral
3395,product,7010,neutral
3396,product,6222,neutral
3397,product,7775,neutral
3398,product,14129,neutral
3399,product,3438,neutral
3400,product,11534,neutral
3401,product,12215,neutral
3402,product,134,neutral
3403,product,3938,neutral
3404,product,2615,neutral
3405,product,14063,neutral
3406,product,6068,neutral
3407,product,1439,neutral
3408,product,7441,neutral
3409,product,8278,neutral
3410,earphon,12697,neutral
3411,earphon,12470,neutral
3412,earphon,4520,neutral
3413,earphon,14198,neutral
3414,earphon,8831,neutral
3415,earphon,13981,neutral
3416,earphon,7249,neutral
3417,earphon,14098,neutral
3418,earphon,7989,neutral
3419,earphon,2464,neutral
3420,earphon,8302,neutral
3421,earphon,8320,neutral
3422,earphon,596,neutral
3423,earphon,1074,neutral
3424,earphon,2296,neutral
3425,earphon,8376,neutral
3426,earphon,12744,neutral
3427,earphon,1805,neutral
3428,earphon,6562,neutral
3429,earphon,7211,neutral
3430,earphon,5026,neutral
3431,earphon,890,neutral
3432,earphon,14147,neutral
3433,earphon,10174,neutral
3434,earphon,2698,neutral
3435,earphon,12497,neutral
3436,earphon,1119,neutral
3437,earphon,2158,neutral
3438,earphon,14301,neutral
3439,earphon,267,neutral
3440,earphon,7369,neutral
3441,earphon,7854,neutral
3442,earphon,3123,neutral
3443,earphon,8059,neutral
3444,earphon,6082,neutral
3445,earphon,4230,neutral
3446,earphon,219,neutral
3447,earphon,8089,neutral
3448,earphon,892,neutral
3449,earphon,5867,neutral
3450,earphon,12424,neutral
3451,earphon,9747,neutral
3452,earphon,7491,neutral
3453,earphon,10311,neutral
3454,earphon,7192,neutral
3455,earphon,104,neutral
3456,earphon,1178,neutral
3457,earphon,7441,neutral
3458,use,2828,neutral
3459,use,4520,neutral
3460,use,7190,neutral
3461,use,2193,neutral
3462,use,1031,neutral
3463,use,6025,neutral
3464,use,8125,neutral
3465,use,8096,neutral
3466,use,13981,neutral
3467,use,9566,neutral
3468,use,7989,neutral
3469,use,6193,neutral
3470,use,112,neutral
3471,use,1074,neutral
3472,use,6844,neutral
3473,use,5026,neutral
3474,use,890,neutral
3475,use,8074,neutral
3476,use,264,neutral
3477,use,14147,neutral
3478,use,9150,neutral
3479,use,7616,neutral
3480,use,13972,neutral
3481,use,267,neutral
3482,use,7344,neutral
3483,use,527,neutral
3484,use,2431,neutral
3485,use,7369,neutral
3486,use,9111,neutral
3487,use,7671,neutral
3488,use,3027,neutral
3489,use,11438,neutral
3490,use,3123,neutral
3491,use,11647,neutral
3492,use,5051,neutral
3493,use,8924,neutral
3494,use,2253,neutral
3495,use,7285,neutral
3496,use,842,neutral
3497,use,5867,neutral
3498,use,12424,neutral
3499,use,8692,neutral
3500,use,11288,neutral
3501,use,9375,neutral
3502,use,14129,neutral
3503,use,5063,neutral
3504,use,134,neutral
3505,use,679,neutral
3506,use,7192,neutral
3507,use,104,neutral
3508,use,7441,neutral
3509,use,52,neutral
3510,use,920,neutral
3511,batteri,12697,neutral
3512,batteri,1031,neutral
3513,batteri,5911,neutral
3514,batteri,7249,neutral
3515,batteri,3055,neutral
3516,batteri,3655,neutral
3517,batteri,1267,neutral
3518,batteri,1074,neutral
3519,batteri,1805,neutral
3520,batteri,7211,neutral
3521,batteri,4439,neutral
3522,batteri,264,neutral
3523,batteri,14147,neutral
3524,batteri,4193,neutral
3525,batteri,4144,neutral
3526,batteri,953,neutral
3527,batteri,14023,neutral
3528,batteri,12904,neutral
3529,batteri,2981,neutral
3530,batteri,267,neutral
3531,batteri,227,neutral
3532,batteri,12722,neutral
3533,batteri,410,neutral
3534,batteri,3103,neutral
3535,batteri,5051,neutral
3536,batteri,580,neutral
3537,batteri,2500,neutral
3538,batteri,1975,neutral
3539,batteri,912,neutral
3540,batteri,5445,neutral
3541,batteri,892,neutral
3542,batteri,5867,neutral
3543,batteri,3652,neutral
3544,batteri,12424,neutral
3545,batteri,14217,neutral
3546,batteri,14222,neutral
3547,batteri,14129,neutral
3548,batteri,5063,neutral
3549,batteri,12508,neutral
3550,batteri,14318,neutral
3551,batteri,679,neutral
3552,batteri,434,neutral
3553,batteri,3938,neutral
3554,batteri,12640,neutral
3555,batteri,1439,neutral
3556,batteri,12798,neutral
3557,batteri,52,neutral
3558,batteri,920,neutral
3559,one,12470,neutral
3560,one,340,neutral
3561,one,12067,neutral
3562,one,3390,neutral
3563,one,6259,neutral
3564,one,9399,neutral
3565,one,557,neutral
3566,one,731,neutral
3567,one,7391,neutral
3568,one,8096,neutral
3569,one,9566,neutral
3570,one,7989,neutral
3571,one,2464,neutral
3572,one,8302,neutral
3573,one,596,neutral
3574,one,2296,neutral
3575,one,8376,neutral
3576,one,12744,neutral
3577,one,12460,neutral
3578,one,1805,neutral
3579,one,98,neutral
3580,one,7211,neutral
3581,one,9891,neutral
3582,one,4439,neutral
3583,one,890,neutral
3584,one,8222,neutral
3585,one,6099,neutral
3586,one,953,neutral
3587,one,2698,neutral
3588,one,7616,neutral
3589,one,12861,neutral
3590,one,267,neutral
3591,one,7344,neutral
3592,one,1148,neutral
3593,one,7369,neutral
3594,one,227,neutral
3595,one,3484,neutral
3596,one,8969,neutral
3597,one,410,neutral
3598,one,580,neutral
3599,one,6082,neutral
3600,one,7285,neutral
3601,one,9834,neutral
3602,one,1651,neutral
3603,one,5798,neutral
3604,one,219,neutral
3605,one,9382,neutral
3606,one,8089,neutral
3607,one,4302,neutral
3608,one,842,neutral
3609,one,3891,neutral
3610,one,1118,neutral
3611,one,11129,neutral
3612,one,12424,neutral
3613,one,12712,neutral
3614,one,2978,neutral
3615,one,12098,neutral
3616,one,10136,neutral
3617,one,6222,neutral
3618,one,7491,neutral
3619,one,7775,neutral
3620,one,14129,neutral
3621,one,8057,neutral
3622,one,11488,neutral
3623,one,12508,neutral
3624,one,134,neutral
3625,one,434,neutral
3626,one,12640,neutral
3627,one,7192,neutral
3628,one,8011,neutral
3629,one,2615,neutral
3630,one,1439,neutral
3631,one,12798,neutral
3632,one,1145,neutral
3633,one,104,neutral
3634,one,4936,neutral
3635,one,8574,neutral
